nickname,title,description,url
MoModel,2021年最完整的人工智能入门指南,这可能是一份中英文世界最好的人工智能学习教程，在充分考虑大家信息获取难度的情况下制定了帮助你掌握人工智能（AI）和机器学习（ML）的完整指南：无需专业背景！无需学费！ 无需额外的时间成本！ 只需要掌握以下的...,"https://blog.csdn.net/weixin_44015907/article/details/120700692?ops_request_misc=%257B%2522request%255Fid%2522%253A%2522165774026316781667874884%2522%252C%2522scm%2522%253A%252220140713.130102334..%2522%257D&request_id=165774026316781667874884&biz_id=0&utm_medium=distribute.pc_search_result.none-task-blog-2~all~top_positive~default-1-120700692-null-null.142^v32^control,185^v2^control&utm_term=%E4%BA%BA%E5%B7%A5%E6%99%BA%E8%83%BD"
Li-Yongjun,人工智能 —— 知识图谱,人工智能   ML Machine Learning [məˈʃi:n ˈlə:niŋ] 机器学习   DL Deep Learning [diːp ˈlə:niŋ] 深度学习   CV Computer Vision [kəmˈpju:tə ˈviʒən] 计算机视觉   NLP Natural Language ...,"https://blog.csdn.net/lyndon_li/article/details/119852064?ops_request_misc=%257B%2522request%255Fid%2522%253A%2522165774026316781667874884%2522%252C%2522scm%2522%253A%252220140713.130102334..%2522%257D&request_id=165774026316781667874884&biz_id=0&utm_medium=distribute.pc_search_result.none-task-blog-2~all~top_positive~default-2-119852064-null-null.142^v32^control,185^v2^control&utm_term=%E4%BA%BA%E5%B7%A5%E6%99%BA%E8%83%BD"
,浅谈人工智能（AI）,人工智能、机器学习、深度学习的关系 近些年人工智能、机器学习和深度学习的概念十分火热，但很多从业者却很难说清它们之间的关系，外行人更是雾里看花。在研究深度学习之前，我们先从三个概念的正本清源开始。 概括...,"https://blog.csdn.net/shuai809853150/article/details/118940216?ops_request_misc=%257B%2522request%255Fid%2522%253A%2522165774026316781667874884%2522%252C%2522scm%2522%253A%252220140713.130102334..%2522%257D&request_id=165774026316781667874884&biz_id=0&utm_medium=distribute.pc_search_result.none-task-blog-2~all~top_click~default-3-118940216-null-null.142^v32^control,185^v2^control&utm_term=%E4%BA%BA%E5%B7%A5%E6%99%BA%E8%83%BD"
柒姑娘哦,人工智能概述,1. 人工智能概述  2. 人工智能的技术领域与应用领域  3. 华为人工智能发展战略  4. 人工智能的争议  5. 人工智能的未来展望,"https://blog.csdn.net/qq_46344220/article/details/120981338?ops_request_misc=%257B%2522request%255Fid%2522%253A%2522165774026316781667874884%2522%252C%2522scm%2522%253A%252220140713.130102334..%2522%257D&request_id=165774026316781667874884&biz_id=0&utm_medium=distribute.pc_search_result.none-task-blog-2~all~top_click~default-4-120981338-null-null.142^v32^control,185^v2^control&utm_term=%E4%BA%BA%E5%B7%A5%E6%99%BA%E8%83%BD"
恒州博智QYResearch咨询,产业研究报告：人工智能（AI）服务市场现状及未来发展趋势,2022-2028全球与中国人工智能（AI）服务市场现状及未来发展趋势 本文重点分析在全球及中国有重要角色的企业，分析这些企业人工智能（AI）服务产品的市场规模、市场份额、市场定位、产品类型以及发展规划等。 本文...,"https://blog.csdn.net/QYR_ESEARCH/article/details/123662883?ops_request_misc=%257B%2522request%255Fid%2522%253A%2522165774026316781667867413%2522%252C%2522scm%2522%253A%252220140713.130102334.pc%255Fblog.%2522%257D&request_id=165774026316781667867413&biz_id=0&utm_medium=distribute.pc_search_result.none-task-blog-2~blog~first_rank_ecpm_v1~rank_v31_ecpm-5-123662883-null-null.142^v32^control,185^v2^control&utm_term=%E4%BA%BA%E5%B7%A5%E6%99%BA%E8%83%BD"
ThisAmy,AI算法工程师 | 01人工智能基础-快速入门,站在互联网的角度理解人工智能：人工智能AI（artificial intelligence）是互联网时代发展的必然趋势。,"https://blog.csdn.net/ThisAmy/article/details/124153506?ops_request_misc=%257B%2522request%255Fid%2522%253A%2522165774026316781667867413%2522%252C%2522scm%2522%253A%252220140713.130102334.pc%255Fblog.%2522%257D&request_id=165774026316781667867413&biz_id=0&utm_medium=distribute.pc_search_result.none-task-blog-2~blog~first_rank_ecpm_v1~rank_v31_ecpm-6-124153506-null-null.142^v32^control,185^v2^control&utm_term=%E4%BA%BA%E5%B7%A5%E6%99%BA%E8%83%BD"
Calvin.AIAS,人工智能AI系列 - 问答系统,问答系统是人工智能和自然语言处理领域中一个倍受关注并具有广泛发展前景的研究方向。  文本搜索引擎  本例子基于文本搜索引擎，支持上传csv文件，使用句向量模型提取特征，并基于milvus向量引擎进行后续检索。    ...,"https://blog.csdn.net/weixin_39355136/article/details/122068824?ops_request_misc=%257B%2522request%255Fid%2522%253A%2522165774026316781667867413%2522%252C%2522scm%2522%253A%252220140713.130102334.pc%255Fblog.%2522%257D&request_id=165774026316781667867413&biz_id=0&utm_medium=distribute.pc_search_result.none-task-blog-2~blog~first_rank_ecpm_v1~rank_v31_ecpm-7-122068824-null-null.142^v32^control,185^v2^control&utm_term=%E4%BA%BA%E5%B7%A5%E6%99%BA%E8%83%BD"
溜_x_i_a_o_迪,人工智能和AI到底是什么？？浅谈人工智能和AI,我们正处于AI时代：衣食住行中的AI什么是人工智能？AI对传统行业的冲击AI对广告行业和媒体行业的冲击AI对教育行业的影响AI对艺术创作行业的影响AI对物流行业和工业行业的影响 我们每天所谈论的人工智能，究竟是什么...,"https://blog.csdn.net/u013946061/article/details/106948771?ops_request_misc=%257B%2522request%255Fid%2522%253A%2522165774026316781667867413%2522%252C%2522scm%2522%253A%252220140713.130102334.pc%255Fblog.%2522%257D&request_id=165774026316781667867413&biz_id=0&utm_medium=distribute.pc_search_result.none-task-blog-2~blog~first_rank_ecpm_v1~rank_v31_ecpm-8-106948771-null-null.142^v32^control,185^v2^control&utm_term=%E4%BA%BA%E5%B7%A5%E6%99%BA%E8%83%BD"
weixin_26632369,ai人工智能让女神_让女孩进入人工智能管道,ai人工智能让女神 缩小女孩的想象力差距 (Closing the Imagination Gap for Girls) The term artificial intelligence (AI) was coined 64 years ago at a scholarly conference. The AI field hasn’t remained the...,"https://blog.csdn.net/weixin_26632369/article/details/108174665?ops_request_misc=%257B%2522request%255Fid%2522%253A%2522165774026316781667867413%2522%252C%2522scm%2522%253A%252220140713.130102334.pc%255Fblog.%2522%257D&request_id=165774026316781667867413&biz_id=0&utm_medium=distribute.pc_search_result.none-task-blog-2~blog~first_rank_ecpm_v1~rank_v31_ecpm-9-108174665-null-null.142^v32^control,185^v2^control&utm_term=%E4%BA%BA%E5%B7%A5%E6%99%BA%E8%83%BD"
可爱的喵酱丶,人工智能(AI)测试方法,人工智能（AI）是研究、开发用于模拟、延伸和扩展人的智能的理论、方法、技术及应用系统的一门新的技术科学（定义）。人工智能利用机器学习技术，通过对现有的经过处理（筛选、消噪、过滤等）的数据，不断进行矫正...,"https://blog.csdn.net/aasdad1/article/details/106080949?ops_request_misc=%257B%2522request%255Fid%2522%253A%2522165774026316781667867413%2522%252C%2522scm%2522%253A%252220140713.130102334.pc%255Fblog.%2522%257D&request_id=165774026316781667867413&biz_id=0&utm_medium=distribute.pc_search_result.none-task-blog-2~blog~first_rank_ecpm_v1~rank_v31_ecpm-10-106080949-null-null.142^v32^control,185^v2^control&utm_term=%E4%BA%BA%E5%B7%A5%E6%99%BA%E8%83%BD"
一个处女座的程序猿,AI： 2021 年人工智能前沿科技报告(更新中……),AI： 2021 年人工智能前沿科技报告(更新中……)1. 信息模型、具身模型和脑模拟机器人的结合将诞生超级人工智能。2. 系统研究超大规模智能模型发展和影响的新兴领域已经形成，超大规模预训练模型研发竞赛进入白热化...,"https://blog.csdn.net/qq_41185868/article/details/125476329?ops_request_misc=%257B%2522request%255Fid%2522%253A%2522165774026316781667867413%2522%252C%2522scm%2522%253A%252220140713.130102334.pc%255Fblog.%2522%257D&request_id=165774026316781667867413&biz_id=0&utm_medium=distribute.pc_search_result.none-task-blog-2~blog~first_rank_ecpm_v1~rank_v31_ecpm-11-125476329-null-null.142^v32^control,185^v2^control&utm_term=%E4%BA%BA%E5%B7%A5%E6%99%BA%E8%83%BD"
咸鱼箘,人工智能分级,人工智能分级 兄弟姐妹萌ლ(′◉❥◉｀ლ)，我老咸鱼又回来了！。,"https://blog.csdn.net/weixin_45020839/article/details/123664037?ops_request_misc=%257B%2522request%255Fid%2522%253A%2522165774026316781667867413%2522%252C%2522scm%2522%253A%252220140713.130102334.pc%255Fblog.%2522%257D&request_id=165774026316781667867413&biz_id=0&utm_medium=distribute.pc_search_result.none-task-blog-2~blog~first_rank_ecpm_v1~rank_v31_ecpm-12-123664037-null-null.142^v32^control,185^v2^control&utm_term=%E4%BA%BA%E5%B7%A5%E6%99%BA%E8%83%BD"
culing2941,ai人工智能_人工智能（AI）简介,Here you will get an introduction to ... 在这里，您将获得有关人工智能的介绍。  First of all let us quickly recall what we have learnt in previous blog posts to get an idea of what we already have ...,"https://blog.csdn.net/culing2941/article/details/108617750?ops_request_misc=%257B%2522request%255Fid%2522%253A%2522165774026316781667867413%2522%252C%2522scm%2522%253A%252220140713.130102334.pc%255Fblog.%2522%257D&request_id=165774026316781667867413&biz_id=0&utm_medium=distribute.pc_search_result.none-task-blog-2~blog~first_rank_ecpm_v1~rank_v31_ecpm-13-108617750-null-null.142^v32^control,185^v2^control&utm_term=%E4%BA%BA%E5%B7%A5%E6%99%BA%E8%83%BD"
ejinxian,人工智能平台 H2O.ai,H2O.ai 是一家开发了开源框架和独特应用程序的初创公司，使各类公司都能够轻松建立和运营基于人工智能的服务。澳大利亚联邦银行就是H2O.ai 的客户，该公司的其他客户还包括有英伟达和 AT&amp;T 等。PitchBook数据...,"https://blog.csdn.net/ejinxian/article/details/121222962?ops_request_misc=%257B%2522request%255Fid%2522%253A%2522165774026316781667867413%2522%252C%2522scm%2522%253A%252220140713.130102334.pc%255Fblog.%2522%257D&request_id=165774026316781667867413&biz_id=0&utm_medium=distribute.pc_search_result.none-task-blog-2~blog~first_rank_ecpm_v1~rank_v31_ecpm-14-121222962-null-null.142^v32^control,185^v2^control&utm_term=%E4%BA%BA%E5%B7%A5%E6%99%BA%E8%83%BD"
阳阳2013哈哈,AI人工智能仿写在线v.1.2.3,"让毛孩子都爱上的机器人--Trifo Ollie智能AI扫拖机器人这竟然是来自Trifo Ollie智能AI扫拖机器人的高清摄像头。  AI人工智能仿写在线截图：      我问了一下之后才知道,这款扫拖机器人不仅能轻松清洁地面,还能控制...","https://blog.csdn.net/mynote/article/details/124052920?ops_request_misc=%257B%2522request%255Fid%2522%253A%2522165774026316781667867413%2522%252C%2522scm%2522%253A%252220140713.130102334.pc%255Fblog.%2522%257D&request_id=165774026316781667867413&biz_id=0&utm_medium=distribute.pc_search_result.none-task-blog-2~blog~first_rank_ecpm_v1~rank_v31_ecpm-15-124052920-null-null.142^v32^control,185^v2^control&utm_term=%E4%BA%BA%E5%B7%A5%E6%99%BA%E8%83%BD"
快乐小码农,AMiner发布2022 AI 2000人工智能最具影响力学者名单,文章目录AMiner发布2022年人工智能全球最具影响力学者榜单关于AI 20002022年AI 2000榜单分析1.榜首分析2.最具影响力Top10分析2.1 最具影响力机构Top102.2 最具影响力国家Top102.3 最具影响力论文Top103.AI 2000学者...,"https://blog.csdn.net/u012744245/article/details/123004726?ops_request_misc=%257B%2522request%255Fid%2522%253A%2522165774026316781667867413%2522%252C%2522scm%2522%253A%252220140713.130102334.pc%255Fblog.%2522%257D&request_id=165774026316781667867413&biz_id=0&utm_medium=distribute.pc_search_result.none-task-blog-2~blog~first_rank_ecpm_v1~rank_v31_ecpm-16-123004726-null-null.142^v32^control,185^v2^control&utm_term=%E4%BA%BA%E5%B7%A5%E6%99%BA%E8%83%BD"
安安静静的懒,人工智能（AI）入门,人工智能的入门学习需要具备的知识结构：  一、编程语言选择  推荐python，原因有二，其一，语法简单易学；其二，有丰富的库支持。  二、算法设计基础  人工智能的研究内容集中在六个方向，自然语言处理、知识表示、...,"https://blog.csdn.net/bjyisbla/article/details/106649751?ops_request_misc=%257B%2522request%255Fid%2522%253A%2522165774026316781667867413%2522%252C%2522scm%2522%253A%252220140713.130102334.pc%255Fblog.%2522%257D&request_id=165774026316781667867413&biz_id=0&utm_medium=distribute.pc_search_result.none-task-blog-2~blog~first_rank_ecpm_v1~rank_v31_ecpm-17-106649751-null-null.142^v32^control,185^v2^control&utm_term=%E4%BA%BA%E5%B7%A5%E6%99%BA%E8%83%BD"
「已注销」,什么是人工智能AI,什么是人工智能(AI)?  　人工智能(AI)指的是在被编程为像人类一样思考并模仿其行为的机器中对人类智能的模拟。该术语还可以应用于任何表现出与人类思维相关的特征(例如学习和解决问题)的机器。  　人工智能的理想...,"https://blog.csdn.net/yuuEva/article/details/110493123?ops_request_misc=%257B%2522request%255Fid%2522%253A%2522165774026316781667867413%2522%252C%2522scm%2522%253A%252220140713.130102334.pc%255Fblog.%2522%257D&request_id=165774026316781667867413&biz_id=0&utm_medium=distribute.pc_search_result.none-task-blog-2~blog~first_rank_ecpm_v1~rank_v31_ecpm-18-110493123-null-null.142^v32^control,185^v2^control&utm_term=%E4%BA%BA%E5%B7%A5%E6%99%BA%E8%83%BD"
咪爷,Ai人工智能和C语言差不多吗,自从去年，AlphaGo打遍天下棋手无对手，人工智能的风头就一直无人能及。在IT领袖峰会上，BAT三位大佬都看好人工智能的未来发展。今年年初，就做了一个大动作，在医疗方面押宝人工智能，所以在这次峰会上李彦宏也发...,"https://blog.csdn.net/weixin_28235513/article/details/117059595?ops_request_misc=%257B%2522request%255Fid%2522%253A%2522165774026316781667867413%2522%252C%2522scm%2522%253A%252220140713.130102334.pc%255Fblog.%2522%257D&request_id=165774026316781667867413&biz_id=0&utm_medium=distribute.pc_search_result.none-task-blog-2~blog~first_rank_ecpm_v1~rank_v31_ecpm-19-117059595-null-null.142^v32^control,185^v2^control&utm_term=%E4%BA%BA%E5%B7%A5%E6%99%BA%E8%83%BD"
格物斯坦机器人,人工智能AI在国内交通领域中的应用,人工智能(AI)是指机器执行人类能够轻松完成的感知、推理、学习和解决问题等认知功能的能力。过去20年以来，由于互联网产生的海量数据的可用性，人工智能在全球范围内获得了关注。最近，使用高级算法处理这些数据给...,"https://blog.csdn.net/gstemG_maker/article/details/123431812?ops_request_misc=%257B%2522request%255Fid%2522%253A%2522165774026316781667867413%2522%252C%2522scm%2522%253A%252220140713.130102334.pc%255Fblog.%2522%257D&request_id=165774026316781667867413&biz_id=0&utm_medium=distribute.pc_search_result.none-task-blog-2~blog~first_rank_ecpm_v1~rank_v31_ecpm-20-123431812-null-null.142^v32^control,185^v2^control&utm_term=%E4%BA%BA%E5%B7%A5%E6%99%BA%E8%83%BD"
喜欢打酱油的老鸟,如何成为一名AI人工智能算法工程师？,       经常有朋友私信问，如何学python呀，如何敲代码呀，如何进入AI行业呀？ ...正好回头看看自己这一年走过的路，进行一次经验总结。...人工智能/机器学习/深度学习  自学如何寻找学习资料  如何选择编...,"https://blog.csdn.net/weixin_42137700/article/details/93970151?ops_request_misc=%257B%2522request%255Fid%2522%253A%2522165774026316781667867413%2522%252C%2522scm%2522%253A%252220140713.130102334.pc%255Fblog.%2522%257D&request_id=165774026316781667867413&biz_id=0&utm_medium=distribute.pc_search_result.none-task-blog-2~blog~first_rank_ecpm_v1~rank_v31_ecpm-21-93970151-null-null.142^v32^control,185^v2^control&utm_term=%E4%BA%BA%E5%B7%A5%E6%99%BA%E8%83%BD"
一个处女座的程序猿,AI： 2021 年人工智能前沿科技报告02(更新中……),AI： 2021 年人工智能前沿科技报告02(更新中……)2021 年对于人工智能技术和产业，依旧是不平凡的一年。随着算力、数据、算法等要素逐渐齐备，先进的算法结构不断涌现，各个研究方向研究成果不断突破，成熟的 AI ...,"https://blog.csdn.net/qq_41185868/article/details/125476336?ops_request_misc=%257B%2522request%255Fid%2522%253A%2522165774026316781667867413%2522%252C%2522scm%2522%253A%252220140713.130102334.pc%255Fblog.%2522%257D&request_id=165774026316781667867413&biz_id=0&utm_medium=distribute.pc_search_result.none-task-blog-2~blog~first_rank_ecpm_v1~rank_v31_ecpm-22-125476336-null-null.142^v32^control,185^v2^control&utm_term=%E4%BA%BA%E5%B7%A5%E6%99%BA%E8%83%BD"
浅浅919,人工智能AI-模型训练思路,人工智能AI模型训练思路 模型训练思路  基于数据仓库分析模型。 开始模型训练。 训练结果分类：成功、失败、未知。 人为干预，对失败、未知两类结果进行纠错，将识别不准确的数据进行修正。 增强模型特征，增强模型...,"https://blog.csdn.net/u012107402/article/details/122379900?ops_request_misc=%257B%2522request%255Fid%2522%253A%2522165774026316781667867413%2522%252C%2522scm%2522%253A%252220140713.130102334.pc%255Fblog.%2522%257D&request_id=165774026316781667867413&biz_id=0&utm_medium=distribute.pc_search_result.none-task-blog-2~blog~first_rank_ecpm_v1~rank_v31_ecpm-23-122379900-null-null.142^v32^control,185^v2^control&utm_term=%E4%BA%BA%E5%B7%A5%E6%99%BA%E8%83%BD"
鼎捷智造,AI人工智能+大数据+ERP=？,进来找答案！,"https://blog.csdn.net/HLWYX18307615751/article/details/124190935?ops_request_misc=%257B%2522request%255Fid%2522%253A%2522165774026316781667867413%2522%252C%2522scm%2522%253A%252220140713.130102334.pc%255Fblog.%2522%257D&request_id=165774026316781667867413&biz_id=0&utm_medium=distribute.pc_search_result.none-task-blog-2~blog~first_rank_ecpm_v1~rank_v31_ecpm-24-124190935-null-null.142^v32^control,185^v2^control&utm_term=%E4%BA%BA%E5%B7%A5%E6%99%BA%E8%83%BD"
python学习站,最全的AI教程。自学人工智能攻略！,其中，人工智能的核心就是机器学习（Machine Learning），它是使计算机具有智能的根本途径，其应用遍及人工智能的各个领域。我们今天就来分享一篇来自 EliteDataScience 上专门讲给机器学习入门自学者的教程，一步步...,"https://blog.csdn.net/weixin_44558127/article/details/88806858?ops_request_misc=%257B%2522request%255Fid%2522%253A%2522165774026316781667867413%2522%252C%2522scm%2522%253A%252220140713.130102334.pc%255Fblog.%2522%257D&request_id=165774026316781667867413&biz_id=0&utm_medium=distribute.pc_search_result.none-task-blog-2~blog~first_rank_ecpm_v1~rank_v31_ecpm-25-88806858-null-null.142^v32^control,185^v2^control&utm_term=%E4%BA%BA%E5%B7%A5%E6%99%BA%E8%83%BD"
ErrorError！,开启AI世界的大门 —— 从人工智能到计算机视觉,开启AI世界的大门 —— 从人工智能到计算机视觉 目录开启AI世界的大门 —— 从人工智能到计算机视觉1. 关于人工智能1.1 初识人工智能1.2 人工智能的三大核心要素1.3 人工智能关系圈2. 计算机视觉（Computer Vision）...,"https://blog.csdn.net/qq_50587771/article/details/124109105?ops_request_misc=%257B%2522request%255Fid%2522%253A%2522165774026316781667867413%2522%252C%2522scm%2522%253A%252220140713.130102334.pc%255Fblog.%2522%257D&request_id=165774026316781667867413&biz_id=0&utm_medium=distribute.pc_search_result.none-task-blog-2~blog~first_rank_ecpm_v1~rank_v31_ecpm-26-124109105-null-null.142^v32^control,185^v2^control&utm_term=%E4%BA%BA%E5%B7%A5%E6%99%BA%E8%83%BD"
那美那美,人工智能AI编程基础(一),"人工智能编程目前主流有两大框架,TensorFlow和Pytorch,工业界主流是使用TensorFlow","https://blog.csdn.net/womengdoushizhongguo/article/details/123549571?ops_request_misc=%257B%2522request%255Fid%2522%253A%2522165774026316781667867413%2522%252C%2522scm%2522%253A%252220140713.130102334.pc%255Fblog.%2522%257D&request_id=165774026316781667867413&biz_id=0&utm_medium=distribute.pc_search_result.none-task-blog-2~blog~first_rank_ecpm_v1~rank_v31_ecpm-27-123549571-null-null.142^v32^control,185^v2^control&utm_term=%E4%BA%BA%E5%B7%A5%E6%99%BA%E8%83%BD"
37号仓,AI人工智能技术可以做什么,AI这个概念已经很火爆了，与之画上等号的是人工智能。人工智能：由人类研发，具备人类部分能力，且具备自我学习能力的智能物质。人类研究人工智能技术目的就是让机器人像人一样工作，那人AI人工智能技术可以做什么呢...,"https://blog.csdn.net/C37cang/article/details/99673334?ops_request_misc=%257B%2522request%255Fid%2522%253A%2522165774026316781667867413%2522%252C%2522scm%2522%253A%252220140713.130102334.pc%255Fblog.%2522%257D&request_id=165774026316781667867413&biz_id=0&utm_medium=distribute.pc_search_result.none-task-blog-2~blog~first_rank_ecpm_v1~rank_v31_ecpm-28-99673334-null-null.142^v32^control,185^v2^control&utm_term=%E4%BA%BA%E5%B7%A5%E6%99%BA%E8%83%BD"
SmartGridequation,经典古诗文与人工智能创作诗歌 之诗三百（AI）,"水陆草木之花,可爱者甚蕃...诗三百（AI）创作的古诗：  七绝·夏荷 【作者】AI 【朝代】当代 绿叶红花满地香，风吹水面荡清凉。 一池碧浪浮波影，万顷荷塘映月光。   网页推荐：（输入主题和关键词和类型即可，尝试一.","https://blog.csdn.net/SmartGridequation/article/details/122617139?ops_request_misc=%257B%2522request%255Fid%2522%253A%2522165774026316781667867413%2522%252C%2522scm%2522%253A%252220140713.130102334.pc%255Fblog.%2522%257D&request_id=165774026316781667867413&biz_id=0&utm_medium=distribute.pc_search_result.none-task-blog-2~blog~first_rank_ecpm_v1~rank_v31_ecpm-29-122617139-null-null.142^v32^control,185^v2^control&utm_term=%E4%BA%BA%E5%B7%A5%E6%99%BA%E8%83%BD"
Colesyn L.,copilot 让AI帮你编程（人工智能自动完成）,copilot 让AI帮你编程（人工智能自动完成） 官方地址 前不久，GitHub和OpenAI联合为程序员们送上了编程神器——GitHub Copilot。 但是，Copilot目前不提供公开使用，需要注册账号通过审核，我也提交了申请：  正如...,"https://blog.csdn.net/weixin_44255044/article/details/122440212?ops_request_misc=%257B%2522request%255Fid%2522%253A%2522165774026316781667867413%2522%252C%2522scm%2522%253A%252220140713.130102334.pc%255Fblog.%2522%257D&request_id=165774026316781667867413&biz_id=0&utm_medium=distribute.pc_search_result.none-task-blog-2~blog~first_rank_ecpm_v1~rank_v31_ecpm-30-122440212-null-null.142^v32^control,185^v2^control&utm_term=%E4%BA%BA%E5%B7%A5%E6%99%BA%E8%83%BD"
添香小铺,AI加速键：2021上海人工智能创新发展探索与实践案例集.pdf,AI加速键：2021上海人工智能创新发展探索与实践案例集.pdf,"https://download.csdn.net/download/weixin_42241611/22472670?ops_request_misc=%257B%2522request%255Fid%2522%253A%2522165774026516782390582200%2522%252C%2522scm%2522%253A%252220140713.130102334.pc%255Fall.%2522%257D&request_id=165774026516782390582200&biz_id=1&utm_medium=distribute.pc_search_result.none-task-download-2~all~first_rank_ecpm_v1~rank_v31_ecpm-1-22472670-null-null.142^v32^control,185^v2^tag_show&utm_term=%E4%BA%BA%E5%B7%A5%E6%99%BA%E8%83%BD"
passionSnail,清华大学高级人工智能人才培养课程 AI人工智能 智能系统 课程体系 第4章 执行系统 含习题 共31页.pptx,清华大学高级人工智能人才培养课程 AI人工智能 智能系统 课程体系 第1章 智能系统绪论 含习题 共28页.pptx 清华大学高级人工智能人才培养课程 AI人工智能 智能系统 课程体系 第2章 智能感知 含习题 共33页.pptx 清华...,"https://download.csdn.net/download/qq_27595745/23989386?ops_request_misc=%257B%2522request%255Fid%2522%253A%2522165774026516782390582200%2522%252C%2522scm%2522%253A%252220140713.130102334.pc%255Fall.%2522%257D&request_id=165774026516782390582200&biz_id=1&utm_medium=distribute.pc_search_result.none-task-download-2~all~first_rank_ecpm_v1~rank_v31_ecpm-2-23989386-null-null.142^v32^control,185^v2^tag_show&utm_term=%E4%BA%BA%E5%B7%A5%E6%99%BA%E8%83%BD"
文宇肃然,【AI人工智能】AI在医学领域的应用实战案例：MOE进行QSAR建模.zip,【AI人工智能】AI在医学领域的应用实战案例：MOE进行QSAR建模.zip,"https://download.csdn.net/download/wenyusuran/82048563?ops_request_misc=%257B%2522request%255Fid%2522%253A%2522165774026516782390582200%2522%252C%2522scm%2522%253A%252220140713.130102334.pc%255Fall.%2522%257D&request_id=165774026516782390582200&biz_id=1&utm_medium=distribute.pc_search_result.none-task-download-2~all~first_rank_ecpm_v1~rank_v31_ecpm-3-82048563-null-null.142^v32^control,185^v2^tag_show&utm_term=%E4%BA%BA%E5%B7%A5%E6%99%BA%E8%83%BD"
我的石头不硬,【薪酬报告】人工智能AI芯片行业2021年薪酬调查报告.docx,【薪酬报告】人工智能AI芯片行业2021年薪酬调查报告.docx,"https://download.csdn.net/download/qq_22643899/30070076?ops_request_misc=%257B%2522request%255Fid%2522%253A%2522165774026516782390582200%2522%252C%2522scm%2522%253A%252220140713.130102334.pc%255Fall.%2522%257D&request_id=165774026516782390582200&biz_id=1&utm_medium=distribute.pc_search_result.none-task-download-2~all~first_rank_ecpm_v1~rank_v31_ecpm-4-30070076-null-null.142^v32^control,185^v2^tag_show&utm_term=%E4%BA%BA%E5%B7%A5%E6%99%BA%E8%83%BD"
如此醉123,20210612-中金公司-人工智能行业：步入“AI+”时代，行业应用多点开花.pdf,20210612-中金公司-人工智能行业：步入“AI+”时代，行业应用多点开花.pdf,"https://download.csdn.net/download/qq_38412739/19600325?ops_request_misc=%257B%2522request%255Fid%2522%253A%2522165774026516782390582200%2522%252C%2522scm%2522%253A%252220140713.130102334.pc%255Fall.%2522%257D&request_id=165774026516782390582200&biz_id=1&utm_medium=distribute.pc_search_result.none-task-download-2~all~first_rank_ecpm_v1~rank_v31_ecpm-5-19600325-null-null.142^v32^control,185^v2^tag_show&utm_term=%E4%BA%BA%E5%B7%A5%E6%99%BA%E8%83%BD"
shengyin714959,人工智能工具包 OpenAI,人工智能工具包 OpenAI,"https://download.csdn.net/download/shengyin714959/85527179?ops_request_misc=%257B%2522request%255Fid%2522%253A%2522165774026516782390582200%2522%252C%2522scm%2522%253A%252220140713.130102334.pc%255Fall.%2522%257D&request_id=165774026516782390582200&biz_id=1&utm_medium=distribute.pc_search_result.none-task-download-2~all~first_rank_ecpm_v1~rank_v31_ecpm-6-85527179-null-null.142^v32^control,185^v2^tag_show&utm_term=%E4%BA%BA%E5%B7%A5%E6%99%BA%E8%83%BD"
如此醉123,20201222-华泰证券-华泰人工智能系列之四十：微软AI量化投资平台Qlib体验.pdf,20201222-华泰证券-华泰人工智能系列之四十：微软AI量化投资平台Qlib体验.pdf,"https://download.csdn.net/download/qq_38412739/16556772?ops_request_misc=%257B%2522request%255Fid%2522%253A%2522165774026516782390582200%2522%252C%2522scm%2522%253A%252220140713.130102334.pc%255Fall.%2522%257D&request_id=165774026516782390582200&biz_id=1&utm_medium=distribute.pc_search_result.none-task-download-2~all~first_rank_ecpm_v1~rank_v31_ecpm-7-16556772-null-null.142^v32^control,185^v2^tag_show&utm_term=%E4%BA%BA%E5%B7%A5%E6%99%BA%E8%83%BD"
智慧方案,AI+智慧小区大数据平台建设方案 人工智能+智慧小区大数据平台建设方案.pptx,AI+智慧小区大数据平台建设方案 人工智能+智慧小区大数据平台建设方案,"https://download.csdn.net/download/weixin_44094929/16675406?ops_request_misc=%257B%2522request%255Fid%2522%253A%2522165774026516782390582200%2522%252C%2522scm%2522%253A%252220140713.130102334.pc%255Fall.%2522%257D&request_id=165774026516782390582200&biz_id=1&utm_medium=distribute.pc_search_result.none-task-download-2~all~first_rank_ecpm_v1~rank_v31_ecpm-8-16675406-null-null.142^v32^control,185^v2^tag_show&utm_term=%E4%BA%BA%E5%B7%A5%E6%99%BA%E8%83%BD"
600Dreams,start-ai:从零开始学习人工智能（Start-AI）,:fire:从零开始学习人工智能（Start-AI）:fire:  “不积跬步，无以至千里” 作者：   Start-AI项目推进提供一个从零基础到进阶学习人工智能的特定资料库，包括人工智能理论和实践，深度学习框架（TensorFlow，Keras...,"https://download.csdn.net/download/weixin_42104366/15793523?ops_request_misc=%257B%2522request%255Fid%2522%253A%2522165774026516782390582200%2522%252C%2522scm%2522%253A%252220140713.130102334.pc%255Fall.%2522%257D&request_id=165774026516782390582200&biz_id=1&utm_medium=distribute.pc_search_result.none-task-download-2~all~first_rank_ecpm_v1~rank_v31_ecpm-9-15793523-null-null.142^v32^control,185^v2^tag_show&utm_term=%E4%BA%BA%E5%B7%A5%E6%99%BA%E8%83%BD"
你那里也下雪了吧,AI领域实战的基石 人工智能实战篇-自然语言处理顶尖专家 真正专家级面授实战课程,AI领域实战的基石 人工智能实战篇-自然语言处理顶尖专家 真正专家级面授实战课程,"https://download.csdn.net/download/qq_41972992/21463746?ops_request_misc=%257B%2522request%255Fid%2522%253A%2522165774026516782390582200%2522%252C%2522scm%2522%253A%252220140713.130102334.pc%255Fall.%2522%257D&request_id=165774026516782390582200&biz_id=1&utm_medium=distribute.pc_search_result.none-task-download-2~all~first_rank_ecpm_v1~rank_v31_ecpm-10-21463746-null-null.142^v32^control,185^v2^tag_show&utm_term=%E4%BA%BA%E5%B7%A5%E6%99%BA%E8%83%BD"
虚坏叔叔,百度AI人工智能模块源码,百度AI人工智能模块源码。 @懵懵懂懂小清新。,"https://download.csdn.net/download/huangbangqing12/85268761?ops_request_misc=%257B%2522request%255Fid%2522%253A%2522165774026516782390582200%2522%252C%2522scm%2522%253A%252220140713.130102334.pc%255Fall.%2522%257D&request_id=165774026516782390582200&biz_id=1&utm_medium=distribute.pc_search_result.none-task-download-2~all~first_rank_ecpm_v1~rank_v31_ecpm-11-85268761-null-null.142^v32^control,185^v2^tag_show&utm_term=%E4%BA%BA%E5%B7%A5%E6%99%BA%E8%83%BD"
结冰架构,人工智能时代公民个人信息的保护——以全国首例利用AI实施的特大侵犯公民个人信息案为视角.pdf,人工智能时代公民个人信息的保护——以全国首例利用AI实施的特大侵犯公民个人信息案为视角.pdf,"https://download.csdn.net/download/u013883025/20182116?ops_request_misc=%257B%2522request%255Fid%2522%253A%2522165774026516782390582200%2522%252C%2522scm%2522%253A%252220140713.130102334.pc%255Fall.%2522%257D&request_id=165774026516782390582200&biz_id=1&utm_medium=distribute.pc_search_result.none-task-download-2~all~first_rank_ecpm_v1~rank_v31_ecpm-12-20182116-null-null.142^v32^control,185^v2^tag_show&utm_term=%E4%BA%BA%E5%B7%A5%E6%99%BA%E8%83%BD"
passionSnail,清华大学AI人工智能概论课程 第4章 搜索技术 含习题 共34页 .pptx,清华大学AI人工智能概论课程列表，高等学校人工智能通识课规划内容  清华大学AI人工智能概论课程 第10章 建筑智能化技术 含习题 共35页 .pptx 清华大学AI人工智能概论课程 第1章 AI时代的起航 含习题 共56页 .pptx  ...,"https://download.csdn.net/download/qq_27595745/23983121?ops_request_misc=%257B%2522request%255Fid%2522%253A%2522165774026516782390582200%2522%252C%2522scm%2522%253A%252220140713.130102334.pc%255Fall.%2522%257D&request_id=165774026516782390582200&biz_id=1&utm_medium=distribute.pc_search_result.none-task-download-2~all~first_rank_ecpm_v1~rank_v31_ecpm-13-23983121-null-null.142^v32^control,185^v2^tag_show&utm_term=%E4%BA%BA%E5%B7%A5%E6%99%BA%E8%83%BD"
努力+努力=幸运,斯坦福HAI《2022人工智能指数报告》，了解AI八大态势进展,由斯坦福大学人工智能百年研究（AI100）推出的「人工智能指数」（AI Index）是一个追踪 人工智能行业动态与发展的非营利性项目，其研究覆盖了百年以来人工智能的总体情况， 目标是基于数据来推动人工智能的广泛交流...,"https://download.csdn.net/download/weixin_43909715/84995719?ops_request_misc=%257B%2522request%255Fid%2522%253A%2522165774026516782390582200%2522%252C%2522scm%2522%253A%252220140713.130102334.pc%255Fall.%2522%257D&request_id=165774026516782390582200&biz_id=1&utm_medium=distribute.pc_search_result.none-task-download-2~all~first_rank_ecpm_v1~rank_v31_ecpm-14-84995719-null-null.142^v32^control,185^v2^tag_show&utm_term=%E4%BA%BA%E5%B7%A5%E6%99%BA%E8%83%BD"
,上海交大&机器之心-激活AI创新之源——人工智能开源开放发展报告-2020.7-65页精品报告2020.pdf,上海交大&机器之心-激活AI创新之源——人工智能开源开放发展报告-2020.7-65页精品报告2020.pdf,"https://download.csdn.net/download/xiaomaodiaoyu520/17346361?ops_request_misc=%257B%2522request%255Fid%2522%253A%2522165774026516782390582200%2522%252C%2522scm%2522%253A%252220140713.130102334.pc%255Fall.%2522%257D&request_id=165774026516782390582200&biz_id=1&utm_medium=distribute.pc_search_result.none-task-download-2~all~first_rank_ecpm_v1~rank_v31_ecpm-15-17346361-null-null.142^v32^control,185^v2^tag_show&utm_term=%E4%BA%BA%E5%B7%A5%E6%99%BA%E8%83%BD"
如此醉123,20201016-头豹研究院-人工智能行业：2020年中国AI开放平台行业概览.pdf,20201016-头豹研究院-人工智能行业：2020年中国AI开放平台行业概览.pdf,"https://download.csdn.net/download/qq_38412739/16554880?ops_request_misc=%257B%2522request%255Fid%2522%253A%2522165774026516782390582200%2522%252C%2522scm%2522%253A%252220140713.130102334.pc%255Fall.%2522%257D&request_id=165774026516782390582200&biz_id=1&utm_medium=distribute.pc_search_result.none-task-download-2~all~first_rank_ecpm_v1~rank_v31_ecpm-16-16554880-null-null.142^v32^control,185^v2^tag_show&utm_term=%E4%BA%BA%E5%B7%A5%E6%99%BA%E8%83%BD"
T0620514,兼谈人工智能量化多因子基金的特点：未来已来，AI_量化选股模型概览-20191009-华泰证券-12页.pdf,兼谈人工智能量化多因子基金的特点：未来已来，AI_量化选股模型概览-20191009-华泰证券-12页.pdf,"https://download.csdn.net/download/T0620514/21885233?ops_request_misc=%257B%2522request%255Fid%2522%253A%2522165774026516782390582200%2522%252C%2522scm%2522%253A%252220140713.130102334.pc%255Fall.%2522%257D&request_id=165774026516782390582200&biz_id=1&utm_medium=distribute.pc_search_result.none-task-download-2~all~first_rank_ecpm_v1~rank_v31_ecpm-17-21885233-null-null.142^v32^control,185^v2^tag_show&utm_term=%E4%BA%BA%E5%B7%A5%E6%99%BA%E8%83%BD"
安全方案,【重磅】2020-2021 AI人工智能技术领域/行业研究报告大合集（58份）.zip,重磅，2020-2021 AI人工智能技术领域/行业研究报告大合集，共58份。  2021年中国人工智能基础层行业发展研究报告 2021中国AI商业落地市场研究报告 2021中国新一代人工智能科技产业区域竞争力评价指数 2021中国新一代...,"https://download.csdn.net/download/goodxianping/33236018?ops_request_misc=%257B%2522request%255Fid%2522%253A%2522165774026516782390582200%2522%252C%2522scm%2522%253A%252220140713.130102334.pc%255Fall.%2522%257D&request_id=165774026516782390582200&biz_id=1&utm_medium=distribute.pc_search_result.none-task-download-2~all~first_rank_ecpm_v1~rank_v31_ecpm-18-33236018-null-null.142^v32^control,185^v2^tag_show&utm_term=%E4%BA%BA%E5%B7%A5%E6%99%BA%E8%83%BD"
passionSnail,清华大学AI人工智能概论课程 第9章 工业机器人技术 含习题 共58页 .pptx,清华大学AI人工智能概论课程列表，高等学校人工智能通识课规划内容  清华大学AI人工智能概论课程 第10章 建筑智能化技术 含习题 共35页 .pptx 清华大学AI人工智能概论课程 第1章 AI时代的起航 含习题 共56页 .pptx  ...,"https://download.csdn.net/download/qq_27595745/23983114?ops_request_misc=%257B%2522request%255Fid%2522%253A%2522165774026516782390582200%2522%252C%2522scm%2522%253A%252220140713.130102334.pc%255Fall.%2522%257D&request_id=165774026516782390582200&biz_id=1&utm_medium=distribute.pc_search_result.none-task-download-2~all~first_rank_ecpm_v1~rank_v31_ecpm-19-23983114-null-null.142^v32^control,185^v2^tag_show&utm_term=%E4%BA%BA%E5%B7%A5%E6%99%BA%E8%83%BD"
mylife512,2021AI顶会人工智能分析报告.pdf,2021AI顶会人工智能分析报告.pdf,"https://download.csdn.net/download/sysocc/72509701?ops_request_misc=%257B%2522request%255Fid%2522%253A%2522165774026516782390582200%2522%252C%2522scm%2522%253A%252220140713.130102334.pc%255Fall.%2522%257D&request_id=165774026516782390582200&biz_id=1&utm_medium=distribute.pc_search_result.none-task-download-2~all~first_rank_ecpm_v1~rank_v31_ecpm-20-72509701-null-null.142^v32^control,185^v2^tag_show&utm_term=%E4%BA%BA%E5%B7%A5%E6%99%BA%E8%83%BD"
passionSnail,清华大学AI人工智能概论课程 第6章 深度学习 含习题 共65页 .pptx,清华大学AI人工智能概论课程列表，高等学校人工智能通识课规划内容  清华大学AI人工智能概论课程 第10章 建筑智能化技术 含习题 共35页 .pptx 清华大学AI人工智能概论课程 第1章 AI时代的起航 含习题 共56页 .pptx  ...,"https://download.csdn.net/download/qq_27595745/23983117?ops_request_misc=%257B%2522request%255Fid%2522%253A%2522165774026516782390582200%2522%252C%2522scm%2522%253A%252220140713.130102334.pc%255Fall.%2522%257D&request_id=165774026516782390582200&biz_id=1&utm_medium=distribute.pc_search_result.none-task-download-2~all~first_rank_ecpm_v1~rank_v31_ecpm-21-23983117-null-null.142^v32^control,185^v2^tag_show&utm_term=%E4%BA%BA%E5%B7%A5%E6%99%BA%E8%83%BD"
吧唧你一口丶hi,人脸识别 | Java 实现 AI人工智能技术,人脸识别 | Java 实现 AI人工智能技术 - 人脸识别 -拉入及用  spring boot项目 前端+后端,"https://download.csdn.net/download/qq_42459147/11064822?ops_request_misc=%257B%2522request%255Fid%2522%253A%2522165774026516782390582200%2522%252C%2522scm%2522%253A%252220140713.130102334.pc%255Fall.%2522%257D&request_id=165774026516782390582200&biz_id=1&utm_medium=distribute.pc_search_result.none-task-download-2~all~first_rank_ecpm_v1~rank_v31_ecpm-22-11064822-null-null.142^v32^control,185^v2^tag_show&utm_term=%E4%BA%BA%E5%B7%A5%E6%99%BA%E8%83%BD"
,人工智能AI深度学习视频教程和源代码17套,机器学习深度学习的视频教程和源码17套，人工智能AI入门必看！,"https://download.csdn.net/download/rainbowcoral/10814123?ops_request_misc=%257B%2522request%255Fid%2522%253A%2522165774026516782390582200%2522%252C%2522scm%2522%253A%252220140713.130102334.pc%255Fall.%2522%257D&request_id=165774026516782390582200&biz_id=1&utm_medium=distribute.pc_search_result.none-task-download-2~all~first_rank_ecpm_v1~rank_v31_ecpm-23-10814123-null-null.142^v32^control,185^v2^tag_show&utm_term=%E4%BA%BA%E5%B7%A5%E6%99%BA%E8%83%BD"
Reyes He,人工智能 AI 安防 行业发展研究报告,人工智能 AI 安防 行业发展研究报告 人工智能 AI 安防 行业发展研究报告,"https://download.csdn.net/download/weixin_43771678/10895323?ops_request_misc=%257B%2522request%255Fid%2522%253A%2522165774026516782390582200%2522%252C%2522scm%2522%253A%252220140713.130102334.pc%255Fall.%2522%257D&request_id=165774026516782390582200&biz_id=1&utm_medium=distribute.pc_search_result.none-task-download-2~all~first_rank_ecpm_v1~rank_v31_ecpm-24-10895323-null-null.142^v32^control,185^v2^tag_show&utm_term=%E4%BA%BA%E5%B7%A5%E6%99%BA%E8%83%BD"
,人工智能-AI助力病历质控.pdf,人工智能-AI助力病历质控.pdf,"https://download.csdn.net/download/yingcai111/85343148?ops_request_misc=%257B%2522request%255Fid%2522%253A%2522165774026516782390582200%2522%252C%2522scm%2522%253A%252220140713.130102334.pc%255Fall.%2522%257D&request_id=165774026516782390582200&biz_id=1&utm_medium=distribute.pc_search_result.none-task-download-2~all~first_rank_ecpm_v1~rank_v31_ecpm-25-85343148-null-null.142^v32^control,185^v2^tag_show&utm_term=%E4%BA%BA%E5%B7%A5%E6%99%BA%E8%83%BD"
生生不息999,AICC2019人工智能计算大会资料,"人工智能计算导论.pdf,2019-2020中国人工智能计算力发展评估报告.pdf,Facebook深度学习发展与PyTorch创新.pdf,面向人脸识别超分辨率的竞赛.pdf,POWER9对AI平台建设实践分享.pdf,人工智能在半导体显示行业应用.pdf,...","https://download.csdn.net/download/zqjsjz/12060504?ops_request_misc=%257B%2522request%255Fid%2522%253A%2522165774026516782390582200%2522%252C%2522scm%2522%253A%252220140713.130102334.pc%255Fall.%2522%257D&request_id=165774026516782390582200&biz_id=1&utm_medium=distribute.pc_search_result.none-task-download-2~all~first_rank_ecpm_v1~rank_v31_ecpm-26-12060504-null-null.142^v32^control,185^v2^tag_show&utm_term=%E4%BA%BA%E5%B7%A5%E6%99%BA%E8%83%BD"
人丑就要多读书哈哈,AI人工智能,AI人工智能，人工智能（Artificial Intelligence），英文缩写为AI。它是研究、开发用于模拟、延伸和扩展人的智能的理论、方法、技术及应用系统的一门新的技术科学。,"https://download.csdn.net/download/u010017992/10745576?ops_request_misc=%257B%2522request%255Fid%2522%253A%2522165774026516782390582200%2522%252C%2522scm%2522%253A%252220140713.130102334.pc%255Fall.%2522%257D&request_id=165774026516782390582200&biz_id=1&utm_medium=distribute.pc_search_result.none-task-download-2~all~first_rank_ecpm_v1~rank_v31_ecpm-27-10745576-null-null.142^v32^control,185^v2^tag_show&utm_term=%E4%BA%BA%E5%B7%A5%E6%99%BA%E8%83%BD"
,20210718-华安证券-科技行业人工智能系列报告（七）：智慧医疗新赛道，AI赋能新场景.pdf,20210718-华安证券-科技行业人工智能系列报告（七）：智慧医疗新赛道，AI赋能新场景.pdf,"https://download.csdn.net/download/xiaomaodiaoyu520/20352188?ops_request_misc=%257B%2522request%255Fid%2522%253A%2522165774026516782390582200%2522%252C%2522scm%2522%253A%252220140713.130102334.pc%255Fall.%2522%257D&request_id=165774026516782390582200&biz_id=1&utm_medium=distribute.pc_search_result.none-task-download-2~all~first_rank_ecpm_v1~rank_v31_ecpm-28-20352188-null-null.142^v32^control,185^v2^tag_show&utm_term=%E4%BA%BA%E5%B7%A5%E6%99%BA%E8%83%BD"
报告掌观,麦肯锡：人工智能（AI）前沿报告,麦肯锡发布了 “人工智能（AI）前沿” 报告，人工智能工具和技术对业务和全球经济的影响一直是一个热门话题。而且，AI可能将推动人们的生活和工作方式发生前所未有的改变。  麦肯锡在报告中分析了三个重要发现：  ...,"https://download.csdn.net/download/dst1213/10748265?ops_request_misc=%257B%2522request%255Fid%2522%253A%2522165774026516782390582200%2522%252C%2522scm%2522%253A%252220140713.130102334.pc%255Fall.%2522%257D&request_id=165774026516782390582200&biz_id=1&utm_medium=distribute.pc_search_result.none-task-download-2~all~first_rank_ecpm_v1~rank_v31_ecpm-29-10748265-null-null.142^v32^control,185^v2^tag_show&utm_term=%E4%BA%BA%E5%B7%A5%E6%99%BA%E8%83%BD"
jwy2014,智东西公开课-嵌入式AI合辑第3讲课件-嵌入式AI应用开发对操作系统的要求与挑战-RT-Thread人工智能总监杨武....,智东西公开课-嵌入式AI合辑第3讲课件-嵌入式AI应用开发对操作系统的要求与挑战-RT-Thread人工智能总监杨武.pdf,"https://download.csdn.net/download/jwy2014/12296811?ops_request_misc=%257B%2522request%255Fid%2522%253A%2522165774026516782390582200%2522%252C%2522scm%2522%253A%252220140713.130102334.pc%255Fall.%2522%257D&request_id=165774026516782390582200&biz_id=1&utm_medium=distribute.pc_search_result.none-task-download-2~all~first_rank_ecpm_v1~rank_v31_ecpm-30-12296811-null-null.142^v32^control,185^v2^tag_show&utm_term=%E4%BA%BA%E5%B7%A5%E6%99%BA%E8%83%BD"
ErrorError！,开启AI世界的大门 —— 从人工智能到计算机视觉,开启AI世界的大门 —— 从人工智能到计算机视觉 目录开启AI世界的大门 —— 从人工智能到计算机视觉1. 关于人工智能1.1 初识人工智能1.2 人工智能的三大核心要素1.3 人工智能关系圈2. 计算机视觉（Computer Vision）...,"https://blog.csdn.net/qq_50587771/article/details/124109105?ops_request_misc=%257B%2522request%255Fid%2522%253A%2522165774026416782425182836%2522%252C%2522scm%2522%253A%252220140713.130102334.pc%255Fall.%2522%257D&request_id=165774026416782425182836&biz_id=0&utm_medium=distribute.pc_search_result.none-task-blog-2~all~first_rank_ecpm_v1~pc_rank_34-1-124109105-null-null.142^v32^pc_rank_34,185^v2^control&utm_term=%E4%BA%BA%E5%B7%A5%E6%99%BA%E8%83%BD"
快乐小码农,最新发布：2022斯坦福AI指数报告,文章目录最新发布：2022斯坦福AI指数报告Part 1：2022 AI指数报告八大要点1.AI领域的私人投资飙升，投资集中度加剧。2.美国和中国主导AI跨国合作。3.语言模型更强大，但也更有偏见。4.AI伦理兴起。5.AI变得更负担得...,"https://blog.csdn.net/u012744245/article/details/123786891?ops_request_misc=%257B%2522request%255Fid%2522%253A%2522165774026416782425182836%2522%252C%2522scm%2522%253A%252220140713.130102334.pc%255Fall.%2522%257D&request_id=165774026416782425182836&biz_id=0&utm_medium=distribute.pc_search_result.none-task-blog-2~all~first_rank_ecpm_v1~pc_rank_34-2-123786891-null-null.142^v32^pc_rank_34,185^v2^control&utm_term=%E4%BA%BA%E5%B7%A5%E6%99%BA%E8%83%BD"
AI信仰者,AI人年度必看的222页报告！九大要点解读，中国AI论文引用首超美国,智东西3月4日消息，斯坦福大学刚刚发布一份222页的《2021年度AI指数报告》，从跨越十年的时间维度，对人工智能技术和产业的发展进行了分析解读。 这是人工智能学术人和产业人每年必看的一份报告。自2017年以来，...,"https://blog.csdn.net/qq_30803353/article/details/114393942?ops_request_misc=%257B%2522request%255Fid%2522%253A%2522165774026416782425182836%2522%252C%2522scm%2522%253A%252220140713.130102334.pc%255Fall.%2522%257D&request_id=165774026416782425182836&biz_id=0&utm_medium=distribute.pc_search_result.none-task-blog-2~all~first_rank_ecpm_v1~pc_rank_34-3-114393942-null-null.142^v32^pc_rank_34,185^v2^control&utm_term=%E4%BA%BA%E5%B7%A5%E6%99%BA%E8%83%BD"
jacksong2021,人工智能产业链的三个核心，底层硬件、通用AI技术及平台、应用领域相关公司盘点, 据腾讯研究院统计，截至2017年6月，全球人工智能初创企业共计2617家。美国占据1078家居首，中国以592家...根据艾瑞咨询的数据，2020年全球人工智能市场规模约1190亿人民币，未来10年，人工智能将会是一个2000亿美元...,"https://blog.csdn.net/xingsongyu/article/details/89855763?ops_request_misc=%257B%2522request%255Fid%2522%253A%2522165774026416782425182836%2522%252C%2522scm%2522%253A%252220140713.130102334.pc%255Fall.%2522%257D&request_id=165774026416782425182836&biz_id=0&utm_medium=distribute.pc_search_result.none-task-blog-2~all~first_rank_ecpm_v1~pc_rank_34-4-89855763-null-null.142^v32^pc_rank_34,185^v2^control&utm_term=%E4%BA%BA%E5%B7%A5%E6%99%BA%E8%83%BD"
hanniman_,重磅发布：《AI产品经理的实操手册（2021版）——AI产品经理大本营的4年1000篇干货合辑》（PDF）...,好事多磨，很多“AI产品经理大本营”成员和我都非常期待的这份重磅干货——《AI产品经理的实操手册（2021版）——AI产品经理大本营的4年1000篇干货合辑》（PDF），终于完成了。【为什...,"https://blog.csdn.net/pA2elX78qaJTADH/article/details/122465224?ops_request_misc=%257B%2522request%255Fid%2522%253A%2522165774026416782425182836%2522%252C%2522scm%2522%253A%252220140713.130102334.pc%255Fall.%2522%257D&request_id=165774026416782425182836&biz_id=0&utm_medium=distribute.pc_search_result.none-task-blog-2~all~first_rank_ecpm_v1~pc_rank_34-5-122465224-null-null.142^v32^pc_rank_34,185^v2^control&utm_term=%E4%BA%BA%E5%B7%A5%E6%99%BA%E8%83%BD"
HouszChina,人工智能会超越人类智能吗？（Will Artificial Intelligence Surpass Human Intelligence?）,人工智能会超越人类智能吗？...摘要：人工智能（Artificial Intelligence，AI）作为一个热门话题，已经被应用于现代生活的方方面面，并且与其相关的各方面研究也正方兴未艾。然而，人工智能在不同...,"https://blog.csdn.net/HouszChina/article/details/83748203?ops_request_misc=%257B%2522request%255Fid%2522%253A%2522165774026416782425182836%2522%252C%2522scm%2522%253A%252220140713.130102334.pc%255Fall.%2522%257D&request_id=165774026416782425182836&biz_id=0&utm_medium=distribute.pc_search_result.none-task-blog-2~all~first_rank_ecpm_v1~pc_rank_34-6-83748203-null-null.142^v32^pc_rank_34,185^v2^control&utm_term=%E4%BA%BA%E5%B7%A5%E6%99%BA%E8%83%BD"
Hermione Granger,AI(人工智能)的英文全称是什么?AI指什么?包含什么?,"AI(Artificial Intelligence,人工智能) .“人工智能”一词最初是在1956 年Dartmouth学会上提出的.从那以后,研究者们发展了众多理论和原理,人工智能的概念也随之扩展.人工智能是一门极富挑战性的科学,从事这项工作的...","https://blog.csdn.net/qq_29951485/article/details/88326793?ops_request_misc=%257B%2522request%255Fid%2522%253A%2522165774026416782425182836%2522%252C%2522scm%2522%253A%252220140713.130102334.pc%255Fall.%2522%257D&request_id=165774026416782425182836&biz_id=0&utm_medium=distribute.pc_search_result.none-task-blog-2~all~first_rank_ecpm_v1~pc_rank_34-7-88326793-null-null.142^v32^pc_rank_34,185^v2^control&utm_term=%E4%BA%BA%E5%B7%A5%E6%99%BA%E8%83%BD"
蔚1,2017-2018 中国人工智能产业路线图,内容简介 十多年前，所有的公司都在进行互联网...如今，技术大潮再次汹涌澎湃，在大数据、计算力和深度学习算法的共同推动下，已经有60年历史的人工智能迎来了发展的最好时期。 此次 CSDN 发布了人工智能技术路线图...,"https://blog.csdn.net/valada/article/details/79910126?ops_request_misc=%257B%2522request%255Fid%2522%253A%2522165774026416782425182836%2522%252C%2522scm%2522%253A%252220140713.130102334.pc%255Fall.%2522%257D&request_id=165774026416782425182836&biz_id=0&utm_medium=distribute.pc_search_result.none-task-blog-2~all~first_rank_ecpm_v1~pc_rank_34-8-79910126-null-null.142^v32^pc_rank_34,185^v2^control&utm_term=%E4%BA%BA%E5%B7%A5%E6%99%BA%E8%83%BD"
格物斯坦机器人,人工智能AI在国内交通领域中的应用,人工智能(AI)是指机器执行人类能够轻松完成的感知、推理、学习和解决问题等认知功能的能力。过去20年以来，由于互联网产生的海量数据的可用性，人工智能在全球范围内获得了关注。最近，使用高级算法处理这些数据给...,"https://blog.csdn.net/gstemG_maker/article/details/123431812?ops_request_misc=%257B%2522request%255Fid%2522%253A%2522165774026416782425182836%2522%252C%2522scm%2522%253A%252220140713.130102334.pc%255Fall.%2522%257D&request_id=165774026416782425182836&biz_id=0&utm_medium=distribute.pc_search_result.none-task-blog-2~all~first_rank_ecpm_v1~pc_rank_34-9-123431812-null-null.142^v32^pc_rank_34,185^v2^control&utm_term=%E4%BA%BA%E5%B7%A5%E6%99%BA%E8%83%BD"
人工智能学家,18个顶级人工智能平台,来源：机器人小妹　很多时候企业拥有重复，乏味且困难的工作流程，这些流程往往会减慢生产速度并增加运营成本。为了降低生产成本，企业别无选择，只能自动化某些功能以降低生产成本。　通过数字化...,"https://blog.csdn.net/cf2SudS8x8F0v/article/details/107776556?ops_request_misc=%257B%2522request%255Fid%2522%253A%2522165774026416782425182836%2522%252C%2522scm%2522%253A%252220140713.130102334.pc%255Fall.%2522%257D&request_id=165774026416782425182836&biz_id=0&utm_medium=distribute.pc_search_result.none-task-blog-2~all~first_rank_ecpm_v1~pc_rank_34-10-107776556-null-null.142^v32^pc_rank_34,185^v2^control&utm_term=%E4%BA%BA%E5%B7%A5%E6%99%BA%E8%83%BD"
deeplearninger,浅谈人工智能的伦理问题,与其他涉及人与AI技术二者之间交互的事件一样，此事件引发了人们对人工智能中道德和法律问题的思考。系统的程序员必须履行什么道德义务来阻止其研发产品导致人类的生命受到威胁？谁对赫兹伯格...,"https://blog.csdn.net/weixin_45890678/article/details/108226485?ops_request_misc=%257B%2522request%255Fid%2522%253A%2522165774026416782425182836%2522%252C%2522scm%2522%253A%252220140713.130102334.pc%255Fall.%2522%257D&request_id=165774026416782425182836&biz_id=0&utm_medium=distribute.pc_search_result.none-task-blog-2~all~first_rank_ecpm_v1~pc_rank_34-11-108226485-null-null.142^v32^pc_rank_34,185^v2^control&utm_term=%E4%BA%BA%E5%B7%A5%E6%99%BA%E8%83%BD"
乐生活与爱IT,10个视频|AICC芯片创新技术论坛,2021.10.26，我很荣幸应邀在AICC 2021大会上AICC芯片创新技术 分论坛担任主持人，原本想逐一仔细再回看视频，写个综述，后来发现时间和沟通的工作量不小，先放出些视频，供感兴...,"https://blog.csdn.net/Urh3t1/article/details/121186714?ops_request_misc=%257B%2522request%255Fid%2522%253A%2522165774026416782425182836%2522%252C%2522scm%2522%253A%252220140713.130102334.pc%255Fall.%2522%257D&request_id=165774026416782425182836&biz_id=0&utm_medium=distribute.pc_search_result.none-task-blog-2~all~first_rank_ecpm_v1~pc_rank_34-12-121186714-null-null.142^v32^pc_rank_34,185^v2^control&utm_term=%E4%BA%BA%E5%B7%A5%E6%99%BA%E8%83%BD"
AI每天一点点,2022年值得关注的 8 个人工智能趋势及中国人工智能行业发展情况,人工智能是Artificial Intelligence，英文缩写为AI。它是研究、开发用于模拟、延伸和扩展人的智能的理论、方法、技术及应用系统的一门新的技术科学。,"https://blog.csdn.net/Java_college/article/details/122895807?ops_request_misc=%257B%2522request%255Fid%2522%253A%2522165774026416782425182836%2522%252C%2522scm%2522%253A%252220140713.130102334.pc%255Fall.%2522%257D&request_id=165774026416782425182836&biz_id=0&utm_medium=distribute.pc_search_result.none-task-blog-2~all~first_rank_ecpm_v1~pc_rank_34-13-122895807-null-null.142^v32^pc_rank_34,185^v2^control&utm_term=%E4%BA%BA%E5%B7%A5%E6%99%BA%E8%83%BD"
m0_68724617,2022-2028年中国医疗人工智能行业投资策略探讨及市场规模预测报告,第一章　医疗人工智能行业相关概述 1.1　医疗人工智能基本介绍 1.1.1　医疗人工智能的诞生 1.1.2　医疗人工智能发展阶段 1.1.3　医疗人工智能的构成要素 1.2　医疗人工智能的价值分析 1.2.1　缓解漏诊误诊..,"https://blog.csdn.net/m0_68724617/article/details/123877859?ops_request_misc=%257B%2522request%255Fid%2522%253A%2522165774026416782425182836%2522%252C%2522scm%2522%253A%252220140713.130102334.pc%255Fall.%2522%257D&request_id=165774026416782425182836&biz_id=0&utm_medium=distribute.pc_search_result.none-task-blog-2~all~first_rank_ecpm_v1~pc_rank_34-14-123877859-null-null.142^v32^pc_rank_34,185^v2^control&utm_term=%E4%BA%BA%E5%B7%A5%E6%99%BA%E8%83%BD"
咸鱼箘,人工智能分级,人工智能分级 兄弟姐妹萌ლ(′◉❥◉｀ლ)，我老咸鱼又回来了！。,"https://blog.csdn.net/weixin_45020839/article/details/123664037?ops_request_misc=%257B%2522request%255Fid%2522%253A%2522165774026416782425182836%2522%252C%2522scm%2522%253A%252220140713.130102334.pc%255Fall.%2522%257D&request_id=165774026416782425182836&biz_id=0&utm_medium=distribute.pc_search_result.none-task-blog-2~all~first_rank_ecpm_v1~pc_rank_34-15-123664037-null-null.142^v32^pc_rank_34,185^v2^control&utm_term=%E4%BA%BA%E5%B7%A5%E6%99%BA%E8%83%BD"
「已注销」,"AI(人工智能)的英文全称?AI指什么,包含什么?","AI(Artificial Intelligence,人工智能) .“人工智能”一词最初是在1956 年Dartmouth学会上提出的.从那以后,研究者们发展了众多理论和原理,人工智能的概念也随之扩展.人工智能是一门极富挑战性的科学,从事这项工作的...","https://blog.csdn.net/weixin_45071847/article/details/90600205?ops_request_misc=%257B%2522request%255Fid%2522%253A%2522165774026416782425182836%2522%252C%2522scm%2522%253A%252220140713.130102334.pc%255Fall.%2522%257D&request_id=165774026416782425182836&biz_id=0&utm_medium=distribute.pc_search_result.none-task-blog-2~all~first_rank_ecpm_v1~pc_rank_34-16-90600205-null-null.142^v32^pc_rank_34,185^v2^control&utm_term=%E4%BA%BA%E5%B7%A5%E6%99%BA%E8%83%BD"
我爱计算机视觉,CPU、GPU、FPGA、ASIC等AI芯片特性及对比,作者：William来源：自动驾驶全栈工程师知乎专栏链接：https://www.zhihu.com/people/william.hyin/columns1、前言目前，智能驾驶领域在处...,"https://blog.csdn.net/moxibingdao/article/details/107572630?ops_request_misc=%257B%2522request%255Fid%2522%253A%2522165774026416782425182836%2522%252C%2522scm%2522%253A%252220140713.130102334.pc%255Fall.%2522%257D&request_id=165774026416782425182836&biz_id=0&utm_medium=distribute.pc_search_result.none-task-blog-2~all~first_rank_ecpm_v1~pc_rank_34-17-107572630-null-null.142^v32^pc_rank_34,185^v2^control&utm_term=%E4%BA%BA%E5%B7%A5%E6%99%BA%E8%83%BD"
算法喵Tina_,AI如何在医疗中大显身手？,本文将带大家认识AI+医疗，并且了解人工智能医疗所带来的机遇。 互联网时代的医疗行业 作为传统行业的大佬之一，医疗行业一直是民生关注的重点对象。随着互联网时代的到来，医疗行业也作出了改变。网络上普遍将...,"https://blog.csdn.net/weixin_51072772/article/details/109179499?ops_request_misc=%257B%2522request%255Fid%2522%253A%2522165774026416782425182836%2522%252C%2522scm%2522%253A%252220140713.130102334.pc%255Fall.%2522%257D&request_id=165774026416782425182836&biz_id=0&utm_medium=distribute.pc_search_result.none-task-blog-2~all~first_rank_ecpm_v1~pc_rank_34-18-109179499-null-null.142^v32^pc_rank_34,185^v2^control&utm_term=%E4%BA%BA%E5%B7%A5%E6%99%BA%E8%83%BD"
Open歌,一文看懂人工智能语音芯片,人工智能芯片（简称AI芯片）是指含有专门处理人工智能应用中大量计算任务模块的芯片，属于集成电路和人工智能的交叉领域。自2016年以来，谷歌、百度、阿里、腾讯等互联网巨头以及多家知名的风险投资基金疯狂涌入人工...,"https://blog.csdn.net/Open_The_World/article/details/103101701?ops_request_misc=%257B%2522request%255Fid%2522%253A%2522165774026416782425182836%2522%252C%2522scm%2522%253A%252220140713.130102334.pc%255Fall.%2522%257D&request_id=165774026416782425182836&biz_id=0&utm_medium=distribute.pc_search_result.none-task-blog-2~all~first_rank_ecpm_v1~pc_rank_34-19-103101701-null-null.142^v32^pc_rank_34,185^v2^control&utm_term=%E4%BA%BA%E5%B7%A5%E6%99%BA%E8%83%BD"
编程速学营,清华大咖~分享终于有人把云计算、大数据和人工智能讲明白了,https://mp.weixin.qq.com/cgi-bin/home?t=home/index&amp;token=169070751&amp;lang=zh_CNhttps://mp.weixin.qq.com/cgi-bin/home?t=home/index&amp;token=169070751&amp;lang=zh_CN,"https://blog.csdn.net/x1364453268/article/details/123187820?ops_request_misc=%257B%2522request%255Fid%2522%253A%2522165774026416782425182836%2522%252C%2522scm%2522%253A%252220140713.130102334.pc%255Fall.%2522%257D&request_id=165774026416782425182836&biz_id=0&utm_medium=distribute.pc_search_result.none-task-blog-2~all~first_rank_ecpm_v1~pc_rank_34-20-123187820-null-null.142^v32^pc_rank_34,185^v2^control&utm_term=%E4%BA%BA%E5%B7%A5%E6%99%BA%E8%83%BD"
deephub,10分钟科普：人工智能是什么？它又是如何工作的呢？(上),"人工智能是什么？ 人工智能的历史 人工智能是否具有和人类一样的能力呢？如何进行评判？   图灵测试 认知建模 演绎规则 理性 Agent   人工智能是如何工作的？ 人工智能的分类   弱人工智能 (ANI, Artificial Narrow ...","https://blog.csdn.net/m0_46510245/article/details/104801280?ops_request_misc=%257B%2522request%255Fid%2522%253A%2522165774026416782425182836%2522%252C%2522scm%2522%253A%252220140713.130102334.pc%255Fall.%2522%257D&request_id=165774026416782425182836&biz_id=0&utm_medium=distribute.pc_search_result.none-task-blog-2~all~first_rank_ecpm_v1~pc_rank_34-21-104801280-null-null.142^v32^pc_rank_34,185^v2^control&utm_term=%E4%BA%BA%E5%B7%A5%E6%99%BA%E8%83%BD"
NicolasLearner,2019年AI芯片产业深度研究报告,一、 人工智能芯片发展现状及趋势  1、深度学习算法对芯片要求更为苛刻，通用 CPU 性价比相对较差  经历了 60 多年的起起伏伏之后，人工智能终于迎来了第三次爆发。第三次爆发的核心引爆点是深度学习算法的出现，但...,"https://blog.csdn.net/NicolasLearner/article/details/114900504?ops_request_misc=%257B%2522request%255Fid%2522%253A%2522165774026416782425182836%2522%252C%2522scm%2522%253A%252220140713.130102334.pc%255Fall.%2522%257D&request_id=165774026416782425182836&biz_id=0&utm_medium=distribute.pc_search_result.none-task-blog-2~all~first_rank_ecpm_v1~pc_rank_34-22-114900504-null-null.142^v32^pc_rank_34,185^v2^control&utm_term=%E4%BA%BA%E5%B7%A5%E6%99%BA%E8%83%BD"
腾讯云AI平台,AI Talk | 如何评估AI是否可信？,基于此，可信赖人工智能被越来越多的提及，越来越多的政府和企业都加入到了可信AI的发展和共建队伍中来。可信AI已经成为全球共识，也是行业发展的必然趋势。那什么是可信AI？如何确保和评估AI是可信的呢？  ▲为什么...,"https://blog.csdn.net/qq_42933419/article/details/121632173?ops_request_misc=%257B%2522request%255Fid%2522%253A%2522165774026416782425182836%2522%252C%2522scm%2522%253A%252220140713.130102334.pc%255Fall.%2522%257D&request_id=165774026416782425182836&biz_id=0&utm_medium=distribute.pc_search_result.none-task-blog-2~all~first_rank_ecpm_v1~pc_rank_34-23-121632173-null-null.142^v32^pc_rank_34,185^v2^control&utm_term=%E4%BA%BA%E5%B7%A5%E6%99%BA%E8%83%BD"
Dimensionedu,海外又曝出伪AI明星公司！人工智能是个巨大泡沫？,昨日，《华尔街日报》曝光了一家印度伪AI明星公司Engineer.ai。 这家总部设在美国洛杉矶和英国伦敦的公司，一直以来都声称：使用AI技术在很大程度上实现了移动App的自动化开发。 在2018年11月，Engineer.ai对外宣布...,"https://blog.csdn.net/Dimensionedu/article/details/99672607?ops_request_misc=%257B%2522request%255Fid%2522%253A%2522165774026416782425182836%2522%252C%2522scm%2522%253A%252220140713.130102334.pc%255Fall.%2522%257D&request_id=165774026416782425182836&biz_id=0&utm_medium=distribute.pc_search_result.none-task-blog-2~all~first_rank_ecpm_v1~pc_rank_34-24-99672607-null-null.142^v32^pc_rank_34,185^v2^control&utm_term=%E4%BA%BA%E5%B7%A5%E6%99%BA%E8%83%BD"
AI_Pro,“2021年度全球十大人工智能治理事件”：数据、算法、伦理受关注，AI发展需治理同行,相关数据预测，2020年国内人工智能产业规模为3031亿元人民币，同比增长15.1%，占据全球整体AI产业规模约35%，且增长速度超过全球平均增长速度。  人工智能正在深刻地改变人类的社会生产和生活模式，提高经济效益。...,"https://blog.csdn.net/AI_Lb/article/details/122622122?ops_request_misc=%257B%2522request%255Fid%2522%253A%2522165774026416782425182836%2522%252C%2522scm%2522%253A%252220140713.130102334.pc%255Fall.%2522%257D&request_id=165774026416782425182836&biz_id=0&utm_medium=distribute.pc_search_result.none-task-blog-2~all~first_rank_ecpm_v1~pc_rank_34-25-122622122-null-null.142^v32^pc_rank_34,185^v2^control&utm_term=%E4%BA%BA%E5%B7%A5%E6%99%BA%E8%83%BD"
AI科技大本营,《评人工智能如何走向新阶段》后记（再续16）,由AI科技大本营下载自视觉中国  181.5种常见的机器学习方法。  （1）线性回归linear regression: 一种流行的回归算法，从样本特征的线性组合，linear combination中学习模型。 （2）负数几率回归，logistic ...,"https://blog.csdn.net/dQCFKyQDXYm3F8rB0/article/details/104169353?ops_request_misc=%257B%2522request%255Fid%2522%253A%2522165774026416782425182836%2522%252C%2522scm%2522%253A%252220140713.130102334.pc%255Fall.%2522%257D&request_id=165774026416782425182836&biz_id=0&utm_medium=distribute.pc_search_result.none-task-blog-2~all~first_rank_ecpm_v1~pc_rank_34-26-104169353-null-null.142^v32^pc_rank_34,185^v2^control&utm_term=%E4%BA%BA%E5%B7%A5%E6%99%BA%E8%83%BD"
mossfan,人工智能安全学习笔记,个人笔记,"https://blog.csdn.net/mossfan/article/details/123613612?ops_request_misc=%257B%2522request%255Fid%2522%253A%2522165774026416782425182836%2522%252C%2522scm%2522%253A%252220140713.130102334.pc%255Fall.%2522%257D&request_id=165774026416782425182836&biz_id=0&utm_medium=distribute.pc_search_result.none-task-blog-2~all~first_rank_ecpm_v1~pc_rank_34-27-123613612-null-null.142^v32^pc_rank_34,185^v2^control&utm_term=%E4%BA%BA%E5%B7%A5%E6%99%BA%E8%83%BD"
AI科技大本营,一周AI回顾 | 南沙设立人工智能视觉图像研发中心，旷视科技C轮筹资4.6亿美元,中科曙光近日成功研制出首款搭载寒武纪AI芯片的人工智能服务器，命名为“Phaneron”，主要是面向深度学习的在线推理业务环境。在线推理业务不同于离线训练，推理不需要密集的计算能力，而是需要及时响应。因此，完成...,"https://blog.csdn.net/dQCFKyQDXYm3F8rB0/article/details/78456579?ops_request_misc=%257B%2522request%255Fid%2522%253A%2522165774026416782425182836%2522%252C%2522scm%2522%253A%252220140713.130102334.pc%255Fall.%2522%257D&request_id=165774026416782425182836&biz_id=0&utm_medium=distribute.pc_search_result.none-task-blog-2~all~first_rank_ecpm_v1~pc_rank_34-28-78456579-null-null.142^v32^pc_rank_34,185^v2^control&utm_term=%E4%BA%BA%E5%B7%A5%E6%99%BA%E8%83%BD"
hanniman_,深度报告 | AI新职位“人工智能训练师”,（完整版深度报告的下载方式，详见文末）研究背景有人说，“人工智能训练师”是AI给人类带来的第一个非技术类“新职位”，这也许能让大家对AI多一些客观认知、甚至是好感；不过这个新职位，AI领域从业者的认知度还不...,"https://blog.csdn.net/pA2elX78qaJTADH/article/details/79226479?ops_request_misc=%257B%2522request%255Fid%2522%253A%2522165774026416782425182836%2522%252C%2522scm%2522%253A%252220140713.130102334.pc%255Fall.%2522%257D&request_id=165774026416782425182836&biz_id=0&utm_medium=distribute.pc_search_result.none-task-blog-2~all~first_rank_ecpm_v1~pc_rank_34-29-79226479-null-null.142^v32^pc_rank_34,185^v2^control&utm_term=%E4%BA%BA%E5%B7%A5%E6%99%BA%E8%83%BD"
人人都是产品经理V,深度分析｜AI新职位「人工智能训练师」,作者：朱明徳全文共 4686 字 9 图，阅读需要 10 分钟———— / BEGIN / ————研究背景有人说，“人工智能训练师”是AI给人类带来的第一个非技术类“新职位”，这也许能让大家对AI多一些客观认知、甚至是好感；...,"https://blog.csdn.net/k7Jz78GeJJ/article/details/79308492?ops_request_misc=%257B%2522request%255Fid%2522%253A%2522165774026416782425182836%2522%252C%2522scm%2522%253A%252220140713.130102334.pc%255Fall.%2522%257D&request_id=165774026416782425182836&biz_id=0&utm_medium=distribute.pc_search_result.none-task-blog-2~all~first_rank_ecpm_v1~pc_rank_34-30-79308492-null-null.142^v32^pc_rank_34,185^v2^control&utm_term=%E4%BA%BA%E5%B7%A5%E6%99%BA%E8%83%BD"
摩鬼,AI人工智能：54份行业重磅报告汇总,AI人工智能：54份行业重磅报告汇总 AI人工智能：54份行业重磅报告汇总,"https://download.csdn.net/download/yws1050731369/10344796?ops_request_misc=%257B%2522request%255Fid%2522%253A%2522165774026616782425164372%2522%252C%2522scm%2522%253A%252220140713.130102334.pc%255Fall.%2522%257D&request_id=165774026616782425164372&biz_id=1&utm_medium=distribute.pc_search_result.none-task-download-2~all~first_rank_ecpm_v1~rank_v31_ecpm-1-10344796-null-null.142^v32^experiment_2_v1,185^v2^control&utm_term=%E4%BA%BA%E5%B7%A5%E6%99%BA%E8%83%BD"
枫笛雨声,人工智能AI麻将，麻将AlphaGo，可直接运行,麻将胡牌算法以及AI算法，麻将AlphaGo，java代码，可直接运行,"https://download.csdn.net/download/tgrdgfhgfhgfhg/11096226?ops_request_misc=%257B%2522request%255Fid%2522%253A%2522165774026616782425164372%2522%252C%2522scm%2522%253A%252220140713.130102334.pc%255Fall.%2522%257D&request_id=165774026616782425164372&biz_id=1&utm_medium=distribute.pc_search_result.none-task-download-2~all~first_rank_ecpm_v1~rank_v31_ecpm-2-11096226-null-null.142^v32^experiment_2_v1,185^v2^control&utm_term=%E4%BA%BA%E5%B7%A5%E6%99%BA%E8%83%BD"
,人工智能课件人工智能实验,人工智能课件人工智能实验人工智能课件人工智能实验人工智能课件人工智能实验人工智能课件人工智能实验人工智能课件人工智能实验,"https://download.csdn.net/download/sdtcool/2181337?ops_request_misc=&request_id=&biz_id=&utm_medium=distribute.pc_search_result.none-task-download-2~default~AD_ESMLT~experiment_2-3-2181337-null-null.142^v32^experiment_2_v1,185^v2^control&utm_term=%E4%BA%BA%E5%B7%A5%E6%99%BA%E8%83%BD"
智慧方案,AI人工智能顶层设计及介绍.ppt,AI人工智能顶层设计及介绍,"https://download.csdn.net/download/weixin_44094929/19772032?ops_request_misc=%257B%2522request%255Fid%2522%253A%2522165774026616782425164372%2522%252C%2522scm%2522%253A%252220140713.130102334.pc%255Fall.%2522%257D&request_id=165774026616782425164372&biz_id=1&utm_medium=distribute.pc_search_result.none-task-download-2~all~first_rank_ecpm_v1~rank_v31_ecpm-4-19772032-null-null.142^v32^experiment_2_v1,185^v2^control&utm_term=%E4%BA%BA%E5%B7%A5%E6%99%BA%E8%83%BD"
,人工智能-企业园区AI应用解决方案.pptx,人工智能-企业园区AI应用解决方案.pptx,"https://download.csdn.net/download/yingcai111/85351772?ops_request_misc=%257B%2522request%255Fid%2522%253A%2522165774026616782425164372%2522%252C%2522scm%2522%253A%252220140713.130102334.pc%255Fall.%2522%257D&request_id=165774026616782425164372&biz_id=1&utm_medium=distribute.pc_search_result.none-task-download-2~all~first_rank_ecpm_v1~rank_v31_ecpm-5-85351772-null-null.142^v32^experiment_2_v1,185^v2^control&utm_term=%E4%BA%BA%E5%B7%A5%E6%99%BA%E8%83%BD"
智慧方案,AI+人工智能整体解决方案.pptx,AI+人工智能整体解决方案,"https://download.csdn.net/download/weixin_44094929/16679998?ops_request_misc=%257B%2522request%255Fid%2522%253A%2522165774026616782425164372%2522%252C%2522scm%2522%253A%252220140713.130102334.pc%255Fall.%2522%257D&request_id=165774026616782425164372&biz_id=1&utm_medium=distribute.pc_search_result.none-task-download-2~all~first_rank_ecpm_v1~rank_v31_ecpm-6-16679998-null-null.142^v32^experiment_2_v1,185^v2^control&utm_term=%E4%BA%BA%E5%B7%A5%E6%99%BA%E8%83%BD"
挨踢工作者,2018年AI人工智能 2BPython学习入门全套资源下载地址,AI人工智能 2BPython学习入门全套资源下载地址，资料十分全,"https://download.csdn.net/download/csclkyo/10829281?ops_request_misc=%257B%2522request%255Fid%2522%253A%2522165774026616782425164372%2522%252C%2522scm%2522%253A%252220140713.130102334.pc%255Fall.%2522%257D&request_id=165774026616782425164372&biz_id=1&utm_medium=distribute.pc_search_result.none-task-download-2~all~first_rank_ecpm_v1~rank_v31_ecpm-7-10829281-null-null.142^v32^experiment_2_v1,185^v2^control&utm_term=%E4%BA%BA%E5%B7%A5%E6%99%BA%E8%83%BD"
,中金公司－主题研究：步入人工智能时代：四大AI技术如何改变十大应用场景－20180917,中金公司－主题研究：步入人工智能时代：四大AI技术如何改变十大应用场景－20180917,"https://download.csdn.net/download/poi6688/10762730?ops_request_misc=%257B%2522request%255Fid%2522%253A%2522165774026616782425164372%2522%252C%2522scm%2522%253A%252220140713.130102334.pc%255Fall.%2522%257D&request_id=165774026616782425164372&biz_id=1&utm_medium=distribute.pc_search_result.none-task-download-2~all~first_rank_ecpm_v1~rank_v31_ecpm-8-10762730-null-null.142^v32^experiment_2_v1,185^v2^control&utm_term=%E4%BA%BA%E5%B7%A5%E6%99%BA%E8%83%BD"
智库大道,人工智能AI助手进院项目书.docx,人工智能AI助手进院项目书，2021人工智能AI数字化校园园区制造教育应用发展规划精品解决方案,"https://download.csdn.net/download/qq_35004943/15785545?ops_request_misc=%257B%2522request%255Fid%2522%253A%2522165774026616782425164372%2522%252C%2522scm%2522%253A%252220140713.130102334.pc%255Fall.%2522%257D&request_id=165774026616782425164372&biz_id=1&utm_medium=distribute.pc_search_result.none-task-download-2~all~first_rank_ecpm_v1~rank_v31_ecpm-9-15785545-null-null.142^v32^experiment_2_v1,185^v2^control&utm_term=%E4%BA%BA%E5%B7%A5%E6%99%BA%E8%83%BD"
passionSnail,清华大学AI人工智能概论课程 第7章 自然语言处理 含习题 共42页 .pptx,清华大学AI人工智能概论课程列表，高等学校人工智能通识课规划内容  清华大学AI人工智能概论课程 第10章 建筑智能化技术 含习题 共35页 .pptx 清华大学AI人工智能概论课程 第1章 AI时代的起航 含习题 共56页 .pptx  ...,"https://download.csdn.net/download/qq_27595745/23983115?ops_request_misc=%257B%2522request%255Fid%2522%253A%2522165774026616782425164372%2522%252C%2522scm%2522%253A%252220140713.130102334.pc%255Fall.%2522%257D&request_id=165774026616782425164372&biz_id=1&utm_medium=distribute.pc_search_result.none-task-download-2~all~first_rank_ecpm_v1~rank_v31_ecpm-10-23983115-null-null.142^v32^experiment_2_v1,185^v2^control&utm_term=%E4%BA%BA%E5%B7%A5%E6%99%BA%E8%83%BD"
,AI人工智能：54份行业重磅报告汇总.zip.003,"AI人工智能：54份行业重磅报告汇总.zip.002,国内市场\国外市场\细分市场","https://download.csdn.net/download/long88886666/10217806?ops_request_misc=%257B%2522request%255Fid%2522%253A%2522165774026616782425164372%2522%252C%2522scm%2522%253A%252220140713.130102334.pc%255Fall.%2522%257D&request_id=165774026616782425164372&biz_id=1&utm_medium=distribute.pc_search_result.none-task-download-2~all~first_rank_ecpm_v1~rank_v31_ecpm-11-10217806-null-null.142^v32^experiment_2_v1,185^v2^control&utm_term=%E4%BA%BA%E5%B7%A5%E6%99%BA%E8%83%BD"
文宇肃然,人工智能AI源码-深度语言模型体系 AliceMind,人工智能AI源码-深度语言模型体系 AliceMind,"https://download.csdn.net/download/wenyusuran/21889280?ops_request_misc=%257B%2522request%255Fid%2522%253A%2522165774026616782425164372%2522%252C%2522scm%2522%253A%252220140713.130102334.pc%255Fall.%2522%257D&request_id=165774026616782425164372&biz_id=1&utm_medium=distribute.pc_search_result.none-task-download-2~all~first_rank_ecpm_v1~rank_v31_ecpm-12-21889280-null-null.142^v32^experiment_2_v1,185^v2^control&utm_term=%E4%BA%BA%E5%B7%A5%E6%99%BA%E8%83%BD"
m0_37728373,AI-208 型人工智能温度控制器说明书.pdf,AI-208 型人工智能温度控制器说明书.pdf,"https://download.csdn.net/download/m0_37728373/11318893?ops_request_misc=%257B%2522request%255Fid%2522%253A%2522165774026616782425164372%2522%252C%2522scm%2522%253A%252220140713.130102334.pc%255Fall.%2522%257D&request_id=165774026616782425164372&biz_id=1&utm_medium=distribute.pc_search_result.none-task-download-2~all~first_rank_ecpm_v1~rank_v31_ecpm-13-11318893-null-null.142^v32^experiment_2_v1,185^v2^control&utm_term=%E4%BA%BA%E5%B7%A5%E6%99%BA%E8%83%BD"
智慧方案,AI人工智能物联网平台建设方案.pptx,AI人工智能物联网平台建设方案,"https://download.csdn.net/download/weixin_44094929/16671785?ops_request_misc=%257B%2522request%255Fid%2522%253A%2522165774026616782425164372%2522%252C%2522scm%2522%253A%252220140713.130102334.pc%255Fall.%2522%257D&request_id=165774026616782425164372&biz_id=1&utm_medium=distribute.pc_search_result.none-task-download-2~all~first_rank_ecpm_v1~rank_v31_ecpm-14-16671785-null-null.142^v32^experiment_2_v1,185^v2^control&utm_term=%E4%BA%BA%E5%B7%A5%E6%99%BA%E8%83%BD"
网络研究院,人工智能（AI）惠及人类：全球影响.pdf,人工智能（AI）惠及人类：全球影响,"https://download.csdn.net/download/qq_29607687/19765904?ops_request_misc=%257B%2522request%255Fid%2522%253A%2522165774026616782425164372%2522%252C%2522scm%2522%253A%252220140713.130102334.pc%255Fall.%2522%257D&request_id=165774026616782425164372&biz_id=1&utm_medium=distribute.pc_search_result.none-task-download-2~all~first_rank_ecpm_v1~rank_v31_ecpm-15-19765904-null-null.142^v32^experiment_2_v1,185^v2^control&utm_term=%E4%BA%BA%E5%B7%A5%E6%99%BA%E8%83%BD"
结冰架构,"118项AI展品同台竞技,探秘2019世界人工智能大会.pdf","118项AI展品同台竞技,探秘2019世界人工智能大会.pdf","https://download.csdn.net/download/u013883025/20181401?ops_request_misc=%257B%2522request%255Fid%2522%253A%2522165774026616782425164372%2522%252C%2522scm%2522%253A%252220140713.130102334.pc%255Fall.%2522%257D&request_id=165774026616782425164372&biz_id=1&utm_medium=distribute.pc_search_result.none-task-download-2~all~first_rank_ecpm_v1~rank_v31_ecpm-16-20181401-null-null.142^v32^experiment_2_v1,185^v2^control&utm_term=%E4%BA%BA%E5%B7%A5%E6%99%BA%E8%83%BD"
,AI(人工智能)园区顶层设计方案doc文档合集整理.zip,AI(人工智能)园区顶层设计方案doc文档合集整理.zip,"https://download.csdn.net/download/qq_67153941/83960676?ops_request_misc=%257B%2522request%255Fid%2522%253A%2522165774026616782425164372%2522%252C%2522scm%2522%253A%252220140713.130102334.pc%255Fall.%2522%257D&request_id=165774026616782425164372&biz_id=1&utm_medium=distribute.pc_search_result.none-task-download-2~all~first_rank_ecpm_v1~rank_v31_ecpm-17-83960676-null-null.142^v32^experiment_2_v1,185^v2^control&utm_term=%E4%BA%BA%E5%B7%A5%E6%99%BA%E8%83%BD"
weixin_38553431,python实现人工智能Ai抠图功能,"主要介绍了python实现人工智能Ai抠图功能,本文通过实例代码给大家介绍的非常详细，具有一定的参考借鉴价值，需要的朋友可以参考下","https://download.csdn.net/download/weixin_38553431/12859615?ops_request_misc=%257B%2522request%255Fid%2522%253A%2522165774026616782425164372%2522%252C%2522scm%2522%253A%252220140713.130102334.pc%255Fall.%2522%257D&request_id=165774026616782425164372&biz_id=1&utm_medium=distribute.pc_search_result.none-task-download-2~all~first_rank_ecpm_v1~rank_v31_ecpm-18-12859615-null-null.142^v32^experiment_2_v1,185^v2^control&utm_term=%E4%BA%BA%E5%B7%A5%E6%99%BA%E8%83%BD"
清净平常心,AI-System:人工智能教育资源系统,本课程的中文名称设定为人工智能系统，主要讲解支持人工智能的计算机系统设计，对应的英文课程名称为系统AI本课程中将交替使用一下词汇：人工智能系统，AI-系统和系统用于AI 。 本课程为中规划的人工智能相关教程之...,"https://download.csdn.net/download/weixin_42116604/15727601?ops_request_misc=%257B%2522request%255Fid%2522%253A%2522165774026616782425164372%2522%252C%2522scm%2522%253A%252220140713.130102334.pc%255Fall.%2522%257D&request_id=165774026616782425164372&biz_id=1&utm_medium=distribute.pc_search_result.none-task-download-2~all~first_rank_ecpm_v1~rank_v31_ecpm-19-15727601-null-null.142^v32^experiment_2_v1,185^v2^control&utm_term=%E4%BA%BA%E5%B7%A5%E6%99%BA%E8%83%BD"
智慧方案,AI人工智能开放平台解决方案共19页.ppt,AI人工智能开放平台解决方案共19页.ppt,"https://download.csdn.net/download/weixin_44094929/85221133?ops_request_misc=%257B%2522request%255Fid%2522%253A%2522165774026616782425164372%2522%252C%2522scm%2522%253A%252220140713.130102334.pc%255Fall.%2522%257D&request_id=165774026616782425164372&biz_id=1&utm_medium=distribute.pc_search_result.none-task-download-2~all~first_rank_ecpm_v1~rank_v31_ecpm-20-85221133-null-null.142^v32^experiment_2_v1,185^v2^control&utm_term=%E4%BA%BA%E5%B7%A5%E6%99%BA%E8%83%BD"
结冰架构,利用AI人工智能技术优化供应链.pdf,利用AI人工智能技术优化供应链.pdf,"https://download.csdn.net/download/u013883025/20167117?ops_request_misc=%257B%2522request%255Fid%2522%253A%2522165774026616782425164372%2522%252C%2522scm%2522%253A%252220140713.130102334.pc%255Fall.%2522%257D&request_id=165774026616782425164372&biz_id=1&utm_medium=distribute.pc_search_result.none-task-download-2~all~first_rank_ecpm_v1~rank_v31_ecpm-21-20167117-null-null.142^v32^experiment_2_v1,185^v2^control&utm_term=%E4%BA%BA%E5%B7%A5%E6%99%BA%E8%83%BD"
智慧方案文库,智慧小区综合解决方案AI人工智能+智慧小区安防一体化解决方案.pptx,智慧小区综合解决方案AI人工智能+智慧小区安防一体化解决方案.pptx,"https://download.csdn.net/download/zuoan1993/84993857?ops_request_misc=%257B%2522request%255Fid%2522%253A%2522165774026616782425164372%2522%252C%2522scm%2522%253A%252220140713.130102334.pc%255Fall.%2522%257D&request_id=165774026616782425164372&biz_id=1&utm_medium=distribute.pc_search_result.none-task-download-2~all~first_rank_ecpm_v1~rank_v31_ecpm-22-84993857-null-null.142^v32^experiment_2_v1,185^v2^control&utm_term=%E4%BA%BA%E5%B7%A5%E6%99%BA%E8%83%BD"
你那里也下雪了吧,人工智能Ai-刷脸技术实战课程 打造人工神经网络实战 人脸识别与一键美颜技术实战,人工智能Ai-刷脸技术实战课程 打造人工神经网络实战 人脸识别与一键美颜技术实战,"https://download.csdn.net/download/qq_41972992/20048435?ops_request_misc=%257B%2522request%255Fid%2522%253A%2522165774026616782425164372%2522%252C%2522scm%2522%253A%252220140713.130102334.pc%255Fall.%2522%257D&request_id=165774026616782425164372&biz_id=1&utm_medium=distribute.pc_search_result.none-task-download-2~all~first_rank_ecpm_v1~rank_v31_ecpm-23-20048435-null-null.142^v32^experiment_2_v1,185^v2^control&utm_term=%E4%BA%BA%E5%B7%A5%E6%99%BA%E8%83%BD"
智慧方案,人工智能AI小镇建设和运营整体解决方案.pptx,人工智能AI小镇建设和运营整体解决方案,"https://download.csdn.net/download/weixin_44094929/16232775?ops_request_misc=%257B%2522request%255Fid%2522%253A%2522165774026616782425164372%2522%252C%2522scm%2522%253A%252220140713.130102334.pc%255Fall.%2522%257D&request_id=165774026616782425164372&biz_id=1&utm_medium=distribute.pc_search_result.none-task-download-2~all~first_rank_ecpm_v1~rank_v31_ecpm-24-16232775-null-null.142^v32^experiment_2_v1,185^v2^control&utm_term=%E4%BA%BA%E5%B7%A5%E6%99%BA%E8%83%BD"
syp_net,Google可解释人工智能白皮书《AI Explainability Whitepaper》.zip,近几年，随着人工智能的迅速发展，人工智能对各行各业也产生...所以，今天专知小编给大家带来的是Google可解释人工智能白皮书《AI Explainability Whitepaper》，总共27页pdf，主要介绍谷歌的AI平台上的AI的可解释性。,"https://download.csdn.net/download/syp_net/12032351?ops_request_misc=%257B%2522request%255Fid%2522%253A%2522165774026616782425164372%2522%252C%2522scm%2522%253A%252220140713.130102334.pc%255Fall.%2522%257D&request_id=165774026616782425164372&biz_id=1&utm_medium=distribute.pc_search_result.none-task-download-2~all~first_rank_ecpm_v1~rank_v31_ecpm-25-12032351-null-null.142^v32^experiment_2_v1,185^v2^control&utm_term=%E4%BA%BA%E5%B7%A5%E6%99%BA%E8%83%BD"
智慧方案,AI人工智能+智慧校园大数据建设行动方案.pptx,AI人工智能+智慧校园大数据建设行动方案,"https://download.csdn.net/download/weixin_44094929/16675395?ops_request_misc=%257B%2522request%255Fid%2522%253A%2522165774026616782425164372%2522%252C%2522scm%2522%253A%252220140713.130102334.pc%255Fall.%2522%257D&request_id=165774026616782425164372&biz_id=1&utm_medium=distribute.pc_search_result.none-task-download-2~all~first_rank_ecpm_v1~rank_v31_ecpm-26-16675395-null-null.142^v32^experiment_2_v1,185^v2^control&utm_term=%E4%BA%BA%E5%B7%A5%E6%99%BA%E8%83%BD"
智慧方案,人工智能AI小镇建设和运营综合解决方案.pptx,人工智能AI小镇建设和运营综合解决方案,"https://download.csdn.net/download/weixin_44094929/16656982?ops_request_misc=%257B%2522request%255Fid%2522%253A%2522165774026616782425164372%2522%252C%2522scm%2522%253A%252220140713.130102334.pc%255Fall.%2522%257D&request_id=165774026616782425164372&biz_id=1&utm_medium=distribute.pc_search_result.none-task-download-2~all~first_rank_ecpm_v1~rank_v31_ecpm-27-16656982-null-null.142^v32^experiment_2_v1,185^v2^control&utm_term=%E4%BA%BA%E5%B7%A5%E6%99%BA%E8%83%BD"
weixin_38722193,人工智能测试（AI测试）的思考与探索,	人工智能(AI)已无处不在，AI正在为各行各业赋能，改变人们生活、生产的方式。然而，由于AI是一种新的编程范式，无论是学术界还是工业界，对于AI测试的研究还刚刚起步。	1.AI测试及挑战	AI作为一项变革性的技术已经...,"https://download.csdn.net/download/weixin_38722193/16053149?ops_request_misc=%257B%2522request%255Fid%2522%253A%2522165774026616782425164372%2522%252C%2522scm%2522%253A%252220140713.130102334.pc%255Fall.%2522%257D&request_id=165774026616782425164372&biz_id=1&utm_medium=distribute.pc_search_result.none-task-download-2~all~first_rank_ecpm_v1~rank_v31_ecpm-28-16053149-null-null.142^v32^experiment_2_v1,185^v2^control&utm_term=%E4%BA%BA%E5%B7%A5%E6%99%BA%E8%83%BD"
智慧方案,基于AI（人工智能）智能运维可视化平台解决方案.ppt,基于AI人工智能的应用行业方案,"https://download.csdn.net/download/weixin_44094929/19787474?ops_request_misc=%257B%2522request%255Fid%2522%253A%2522165774026616782425164372%2522%252C%2522scm%2522%253A%252220140713.130102334.pc%255Fall.%2522%257D&request_id=165774026616782425164372&biz_id=1&utm_medium=distribute.pc_search_result.none-task-download-2~all~first_rank_ecpm_v1~rank_v31_ecpm-29-19787474-null-null.142^v32^experiment_2_v1,185^v2^control&utm_term=%E4%BA%BA%E5%B7%A5%E6%99%BA%E8%83%BD"
weixin_38626928,人工智能系列主题研究报告：AI芯片,AI 芯片设计是人工智能产业链的重要一环。自2017 年5 月以来，各AI 芯片厂商的新品竞相发布，经过一年多的发展，各环节分工逐渐明显。AI 芯片的应用场景不再局限于云端，部署于智能手机、安防摄像头、及自动驾驶汽车...,"https://download.csdn.net/download/weixin_38626928/15988753?ops_request_misc=%257B%2522request%255Fid%2522%253A%2522165774026616782425164372%2522%252C%2522scm%2522%253A%252220140713.130102334.pc%255Fall.%2522%257D&request_id=165774026616782425164372&biz_id=1&utm_medium=distribute.pc_search_result.none-task-download-2~all~first_rank_ecpm_v1~rank_v31_ecpm-30-15988753-null-null.142^v32^experiment_2_v1,185^v2^control&utm_term=%E4%BA%BA%E5%B7%A5%E6%99%BA%E8%83%BD"
